index,SMILES,Compound ID
0,Nc2cccc3nc1ccccc1cc23 ,1-aminoacridine
1,CC(C)CBr,1-Bromo-2-methylpropane
2,CCCCBr,1-Bromobutane
3,CCCCCCCBr,1-Bromoheptane
4,CCCCCCBr,1-Bromohexane
5,Brc1cccc2ccccc12,1-Bromonapthalene
6,CCCCCCCCBr,1-Bromooctane
7,CCCCCBr,1-Bromopentane
8,CCCBr,1-Bromopropane
9,CCCCO,1-Butanol
10,CCC=C,1-Butene
11,CCC#C,1-Butyne
12,ClCCBr,1-Chloro-2-bromoethane
13,ClCC(C)C,1-Chloro-2-methylpropane
14,CCCCCl,1-Chlorobutane
15,CCCCCCCCl,1-Chloroheptane
16,CCCCCCCl,1-Chlorohexane
17,Clc1cccc2ccccc12,1-Chloronapthalene
18,CCCCCCl,1-Chloropentane
19,CCCCl,1-Chloropropane
20,CCCCCCCCCCO,1-Decanol
21,CCCCCCCCC=C,1-Decene
22,CCCCCCCCCCCCO,1-Dodecanol
23,CCc1cccc2ccccc12,1-Ethylnaphthalene 
24,CCCCCCCO,1-Heptanol
25,CCCCCC=C,1-Heptene
26,CCCCCC#C,1-Heptyne
27,CCCCCCCCCCCCCCCCO,1-Hexadecanol
28,CCCCCCO,1-Hexanol
29,CCCCC=C,1-Hexene
30,CCCC(O)C=C,1-Hexene-3-ol
31,CCCCC#C,1-Hexyne 
32,CCCCI,1-Iodobutane
33,CCCCCCCI,1-Iodoheptane
34,Ic1cccc2ccccc12,1-Iodonapthalene
35,CCCI,1-Iodopropane
36,CC1=CCCCC1,1-Methylcyclohexene 
37,Cc1cccc2c1Cc3ccccc32,1-Methylfluorene
38,Cc1cccc2ccccc12,1-Methylnaphthalene
39,Cc1cccc2c1ccc3ccccc32,1-Methylphenanthrene
40,Cn1ccc(=O)[nH]c1=O,1-methyluracil
41,Oc1cccc2ccccc12,1-Napthol
42,Nc1cccc2ccccc12,1-Napthylamine
43,O=N(=O)c1cccc2ccccc12,1-Nitronapthalene
44,CCCN(=O)=O,1-Nitropropane
45,CCCCCCCCCO,1-Nonanol
46,CCCCCCCC=C,1-Nonene 
47,CCCCCCCC#C,1-Nonyne 
48,CCCCCCCCCCCCCCCCCCO,1-Octadecanol
49,CCCCCCCCO,1-Octanol
50,CCCCCCC=C,1-Octene 
51,CCCCCCC#C,1-Octyne 
52,CCCCCCCCCCCCCCCO,1-Pentadecanol
53,CCCCCO,1-Pentanol
54,CCCC=C,1-Pentene 
55,CCCC#C,1-Pentyne
56,CC(O)c1ccccc1,1-Phenylethanol
57,CCCO,1-Propanol
58,CCCCCCCCCCCCCCO,1-Tetradecanol
59,Nc3ccc2cc1ccccc1cc2c3 ,2-aminoanthracene
60,c1c(Br)ccc2ccccc12 ,2-bromonaphthalene
61,Brc1ccc2ccccc2c1,2-Bromonapthalene
62,CC(C)Br,2-Bromopropane
63,Cc1ccccc1Br,2-Bromotoluene
64,CCC(=O)C,2-Butanone
65,CC=CC=O,2-butenal
66,CCCCOCCO,2-Butoxyethanol
67,CCC(C)(C)Cl,2-Chloro-2-methylbutane
68,COc1ccccc1Cl,2-Chloroanisole
69,Clc1ccccc1c2ccccc2,2-Chlorobiphenyl
70,CCC(C)Cl,2-Chlorobutane
71,Clc1ccc2ccccc2c1,2-Chloronapthalene
72,Oc1ccccc1Cl,2-Chlorophenol
73,CC(C)Cl,2-Chloropropane
74,Cc1ccccc1Cl,2-Chlorotoluene
75,NC(N)=NC#N ,2-cyanoguanidine
76,CCCCCCCCC(=O)C,2-Decanone
77,CCc1ccccn1,2-Ethyl pyridine
78,CCC(CC)CO,2-Ethyl-1-butanol
79,CCCCC(CC)CO,2-Ethyl-1-hexanol
80,CCCC=C(CC)C=O,2-Ethyl-2-hexanal
81,CCC(CC)C=O,2-Ethylbutanal
82,CCCCC(CC)C=O,2-Ethylhexanal
83,CCc1ccc2ccccc2c1,2-Ethylnaphthalene
84,CCc1ccccc1C,2-Ethyltoluene
85,CCCCCC(C)O,2-Heptanol 
86,CCCCCC(=O)C,2-Heptanone
87,CCCCC(C)O,2-Hexanol
88,CCCCC(=O)C,2-Hexanone
89,Oc2ncc1nccnc1n2,2-hydroxypteridine
90,Oc1ccccn1,2-Hydroxypyridine
91,CC(C)I,2-Iodopropane
92,CC(C)c1ccccc1C,2-Isopropyltoluene
93,COc2ncc1nccnc1n2,2-methoxypteridine
94,CC=C(C)C,2-Methy-2-Butene
95,CCC(=C)C,2-Methyl-1-Butene
96,CCCC(=C)C,2-Methyl-1-Pentene
97,CCCCCC(C)(C)O,2-Methyl-2-heptanol
98,CCCCC(C)(C)O,2-Methyl-2-hexanol
99,CCCC(C)(C)O,2-Methyl-2-pentanol
100,CCC(O)C(C)C,2-Methyl-3-pentanol
101,Cc1ccc2cc3ccccc3cc2c1,2-Methylanthracene
102,CCC(C)(C)O,2-Methylbutan-2-ol
103,CCC(C)C,2-Methylbutane
104,CCC(C)CO,2-Methylbutanol
105,CCCCCC(C)C,2-Methylheptane
106,Cc1ccc2ccccc2c1,2-Methylnapthalene
107,CCCC(C)C,2-Methylpentane
108,CCCC(C)CO,2-Methylpentanol
109,Cc1ccc2c(ccc3ccccc32)c1,2-Methylphenanthrene
110,Cc1ccccc1O,2-Methylphenol
111,CC(C)CO,2-Methylpropan-1-ol
112,CC(C)C,2-Methylpropane
113,CC(=C)C,2-Methylpropene
114,Cc2ncc1nccnc1n2,2-methylpteridine
115,CC1CCCO1,2-Methyltetrahydrofurane
116,Oc1ccc2ccccc2c1,2-Napthol
117,CC(C)N(=O)=O,2-Nitropropane
118,CCCCCCCC(C)O,2-Nonanol
119,CCCCCCCC(=O)C,2-Nonanone
120,CCCCCCC(C)O,2-Octanol
121,CCCCCCC(=O)C,2-Octanone
122,CCCC(C)O,2-Pentanol
123,CCCC(=O)C,2-Pentanone
124,OCCOc1ccccc1,2-Phenoxyethanol
125,CC(C)O,2-Propanol
126,O=C1CCCN1,2-pyrrolidone
127,CCCCCCCCCC(C)O,2-Undecanol
128,COc1cccc(Cl)c1,3-Chloroanisole
129,c1c(Cl)cccc1c2ccccc2,3-Chlorobiphenyl
130,Oc1cccc(Cl)c1,3-Chlorophenol
131,ClCCC#N ,3-chloropropionitrile
132,CCC(O)(CC)CC,3-Ethyl-3-pentanol
133,CCCCC(O)CC,3-Heptanol 
134,CCCC(O)CC,3-Hexanol
135,CCCC(=O)CC,3-Hexanone
136,CCC#CCC,3-Hexyne
137,CC(C)C=C,3-Methyl-1-Butene
138,CC(C)C(C)O,3-Methyl-2-butanol
139,CC(C)C(=O)C,3-Methyl-2-butanone
140,CCC(C)CCO,3-Methyl-2-pentanol
141,CCC(C)CCO,3-Methyl-2-pentanol
142,CCC(C)C(=O)C,3-Methyl-2-pentanone
143,CCCCC(C)(O)CC,3-Methyl-3-heptanol
144,CCCC(C)(O)CC,3-Methyl-3-hexanol
145,CCC(C)(O)CC,3-Methyl-3-pentanol
146,CC(C)CCO,3-Methylbutan-1-ol
147,CCCCC(C)CC,3-Methylheptane
148,Cc1c[nH]c2ccccc12 ,3-methylindole
149,CCC(C)CC,3-Methylpentane
150,Cc1cccc(O)c1,3-Methylphenol
151,CCCCCC(O)CC,3-Octanol
152,CCC(O)CC,3-Pentanol
153,CCC(=O)CC,3-Pentanone
154,Oc1ccc(Br)cc1,4-Bromophenol
155,Cc1ccc(Br)cc1,4-Bromotoluene
156,COc1ccc(Cl)cc1,4-Chloroanisole
157,Oc1ccc(Cl)cc1,4-Chlorophenol 
158,Cc1ccc(Cl)cc1,4-Chlorotoluene
159,CCc1ccc(C)cc1,4-Ethyltoluene
160,CCCC(O)CCC,4-Heptanol
161,CCCC(=O)CCC,4-Heptanone
162,c1(O)cc(O)ccc1CCCCCC,4-hexylresorcinol
163,Oc1ccncc1,4-hydroxypyridine
164,CC(C)c1ccc(C)cc1,4-Isopropyltoluene
165,COc1ncnc2nccnc12 ,4-methoxypteridine
166,CC(C)CC(C)O,4-Methyl-2-pentanol
167,CC(C)CC(=O)C,4-Methyl-2-pentanone
168,Cc1ccc(cc1)c2ccccc2,4-Methylbiphenyl
169,CC(C)CCCO,4-Methylpentanol
170,Cc1ncnc2nccnc12,4-methylpteridine
171,CC(=O)Nc1ccc(cc1)N(=O)=O,4-Nitroacetanilide
172,OCCCC=C,4-Pentene-1-ol
173,O=C1NC(=O)NC(=O)C1(CC)CC=C,5-Allyl-5-ethylbarbital
174,Fc1c[nH]c(=O)[nH]c1=O ,5-fluorouracil
175,Oc1cccc2ncccc12 ,5-hydroxyquinoline
176,O=C1NC(=O)NC(=O)C1(C)CC,5-Methyl-5-ethylbarbituric acid
177,c1cccc2c3c(C)cc4ccccc4c3ccc12,5-Methylchrysene
178,Nc1c(C)c[nH]c(=O)n1 ,5-methylcytosine
179,CCCCC(=O)CCCC,5-Nonanone
180,Nc3cc2c1ccccc1ccc2c4ccccc34 ,6-aminochrysene
181,Oc2ccc1ncccc1c2 ,6-hydroxyquinoline
182,COc2cnc1ncncc1n2,6-methoxypteridine
183,Cc1cc2c3ccccc3ccc2c4ccccc14,6-Methylchrysene
184,COc2cnc1cncnc1n2,7-methoxypteridine
185,Cc2cnc1cncnc1n2,7-methylpteridine
186,Oc1cccc2cccnc12 ,8-quinolinol
187,c3ccc2c(O)c1ccccc1cc2c3 ,9-anthrol
188,Cc1c2ccccc2cc3ccccc13,9-Methylanthracene
189,COP(=S)(OC)Oc1ccc(Sc2ccc(OP(=S)(OC)OC)cc2)cc1,Abate
190,C1Cc2cccc3cccc1c23,Acenapthene
191,C1=Cc2cccc3cccc1c23,Acenapthylene
192,COP(=O)(NC(C)=O)SC ,Acephate
193,CC(=O)N,Acetamide
194,CC(=O)Nc1ccccc1,Acetanilide
195,CC(=O)Nc1nnc(s1)S(N)(=O)=O ,acetazolamide
196,CC#N,Acetonitrile
197,CC(=O)c1ccccc1,Acetophenone
198,CC(=O)N(S(=O)c1ccc(N)cc1)c2onc(C)c2C ,acetyl sulfisoxazole
199,c3ccc2nc1ccccc1cc2c3,Acridine
200,C=CC=O,Acrolein
201,C=CC#N,Acrylonitrile
202,Nc1ncnc2nc[nH]c12 ,adenine
203,CCc1cccc(CC)c1N(COC)C(=O)CCl ,alachlor
204,NC(=O)NC1NC(=O)NC1=O ,allantoin
205,C=CCS(=O)SCC=C,allicin
206,O=c1[nH]cnc2[nH]ncc12 ,allopurinol
207,O=C1NC(=O)C(=O)C(=O)N1 ,alloxan
208,C1(=O)NC(=O)NC(=O)C1(O)C2(O)C(=O)NC(=O)NC2(=O),alloxantin
209,CN(C)c1nc(nc(n1)N(C)C)N(C)C,Altretamine
210,CCNc1nc(NC(C)C)nc(SC)n1,Ametryn
211,CNC(=O)Oc1ccc(N(C)C)c(C)c1,Aminocarb
212,CN(C)c2c(C)n(C)n(c1ccccc1)c2=O ,aminopyrine
213,Nc1nccs1 ,aminothiazole
214,CN(C=Nc1ccc(C)cc1C)C=Nc2ccc(C)cc2C,Amitraz
215,Nc1nc[nH]n1,Amitrole
216,CCC1(CCC(C)C)C(=O)NC(=O)NC1=O,Amobarbital
217,Cc2c(N)c(=O)n(c1ccccc1)n2C,ampyrone
218,COc1ccc(cc1)C(O)(C2CC2)c3cncnc3 ,Ancymidol
219,CC34CCC1C(CCC2=CC(=O)CCC12C)C3CCC4=O,Androstenedione
220,CC12CCC(O)CC1CCC3C2CCC4(C)C3CCC4=O,Androsterone
221,COc1ccc(C=CC)cc1,Anethole
222,Nc1ccccc1,Aniline 
223,COP(=S)(OC)SCC(=O)N(C(C)C)c1ccc(Cl)cc1,Anilofos
224,COc1ccccc1,Anisole
225,c1ccc2cc3ccccc3cc2c1,Anthracene
226,O=C1c2ccccc2C(=O)c3ccccc13,Anthraquinone
227,Cc1cc(=O)n(c2ccccc2)n1C,Antipyrene
228,CCCC1C(=O)N3N(C1=O)c2cc(C)ccc2N=C3N(C)C ,Apazone
229,CCNc1nc(NC(C)C)nc(OC)n1,Atratone
230,CCNc1nc(Cl)nc(NC(C)C)n1,Atrazine
231,CCN(CC)C(=O)CSc1ccc(Cl)nn1,Azintamide
232,N(=Nc1ccccc1)c2ccccc2,Azobenzene
233,CNC(=O)C=C(C)OP(=O)(OC)OC,Azodrin
234,ClCC#CCOC(=O)Nc1cccc(Cl)c1,Barban
235,O=C1NC(=O)NC(=O)C1(CC)CC,Barbital
236,CCCCN(CC)c1c(cc(cc1N(=O)=O)C(F)(F)F)N(=O)=O,Benfluralin
237,CCOC(=O)CCN(SN(C)C(=O)Oc1cccc2CC(C)(C)Oc21)C(C)C,Benfuracarb
238,c1c(NC(=O)c2ccccc2(I))cccc1,benodanil
239,CCCCNC(=O)n1c(NC(=O)OC)nc2ccccc12,Benomyl
240,CC(C)OP(=S)(OC(C)C)SCCNS(=O)(=O)c1ccccc1,Bensulide
241,O=Cc1ccccc1,Benzaldehyde
242,NC(=O)c1ccccc1,Benzamide
243,c1ccccc1,Benzene 
244,c1ccccc1C(O)c2ccccc2,benzhydrol
245,O=C(Cn1ccnc1N(=O)=O)NCc2ccccc2,Benznidazole
246,C1c2ccccc2c3ccc4ccccc4c13,Benzo(a)fluorene
247,c1ccc2c(c1)cc3ccc4cccc5ccc2c3c45,Benzo(a)pyrene
248,c1ccc2c(c1)c3cccc4c3c2cc5ccccc54,Benzo(b)fluoranthene
249,C1c2ccccc2c3cc4ccccc4cc13,Benzo(b)fluorene
250,c1ccc2c(c1)c3cccc4ccc5cccc2c5c43,Benzo(e)pyrene
251,c1ccc2c3c(ccc2c1)c4cccc5cccc3c45,Benzo(j)fluoranthene
252,c1ccc2cc3c4cccc5cccc(c3cc2c1)c45,Benzo(k)fluoranthene
253,c1cc2ccc3ccc4ccc5cccc6c(c1)c2c3c4c56,Benzo[ghi]perylene
254,CCOC(=O)c1ccc(N)cc1,Benzocaine
255,OC(C(=O)c1ccccc1)c2ccccc2,benzoin
256,N#Cc1ccccc1,Benzonitrile
257,O=C(c1ccccc1)c2ccccc2,Benzophenone
258,c2ccc1scnc1c2 ,benzothiazole
259,c2ccc1[nH]nnc1c2,Benzotriazole
260,c2ccc1ocnc1c2,Benzoxazole
261,ClCc1ccccc1,Benzylchloride
262,FC(F)(F)c1ccccc1,Benzyltrifluoride
263,NC(=O)NCc1ccccc1 ,benzylurea
264,C(Cc1ccccc1)c2ccccc2,Bibenzyl 
265,c1ccc(cc1)c2ccccc2,Biphenyl
266,c2ccc1nc(ccc1c2)c4ccc3ccccc3n4 ,biquinoline
267,CC1(C)C2CCC1(C)C(O)C2,borneol
268,CCC(C)n1c(=O)[nH]c(C)c(Br)c1=O ,Bromacil
269,Brc1ccccc1,Bromobenzene
270,ClCBr,Bromochloromethane
271,BrC(Cl)Cl,Bromodichloromethane
272,CCBr,Bromoethane
273,CBr,Bromomethane
274,COP(=S)(OC)Oc1cc(Cl)c(Br)cc1Cl,Bromophos
275,CC(C)OC(=O)C(O)(c1ccc(Br)cc1)c2ccc(Br)cc2 ,bromopropylate
276,Oc1c(Br)cc(C#N)cc1Br ,bromoxynil
277,c1ccccc1n2ncc(N)c(Br)c2(=O),brompyrazone
278,CCCCc1c(C)nc(NCC)nc1OS(=O)(=O)N(C)C ,bupirimate
279,O=C1NC(=O)NC(=O)C1(CC)C(C)CC,Butabarbital
280,c1(C(C)(C)C)cc(C(C)(C)C)cc(OC(=O)NC)c1,butacarb
281,CCCCOCN(C(=O)CCl)c1c(CC)cccc1CC ,butachlor
282,CCC(C)C1(CC(Br)=C)C(=O)NC(=O)NC1=O ,butallylonal
283,CCCCOC(=O)c1ccc(N)cc1,Butamben
284,CCC(C)O,Butan-2-ol
285,CCCC,Butane
286,CCCCS,Butanethiol 
287,CCCCC1(CC)C(=O)NC(=O)NC1=O,Butethal
288,CN1CC(O)N(C1=O)c2nnc(s2)C(C)(C)C,Buthidazole
289,CC(C#C)N(C)C(=O)Nc1ccc(Cl)cc1,Buturon
290,CCCCOC=O,Butyl acetate
291,CCSC(=O)N(CC(C)C)CC(C)C,Butylate
292,CCCCc1ccccc1,Butylbenzene
293,CCCC=O,Butyraldehyde
294,Cn1cnc2n(C)c(=O)n(C)c(=O)c12,Caffeine
295,CC1(C)C2CCC1(C)C(=O)C2,Camphor
296,CCCCCC=O,Caproaldehyde
297,ClC(Cl)C(Cl)(Cl)SN2C(=O)C1CC=CCC1C2=O ,captafol
298,O=C(Nc1ccccc1)Nc2ccccc2,Carbanilide
299,CNC(=O)Oc1cccc2ccccc12,Carbaryl
300,c1ccc2c(c1)[nH]c3ccccc32,Carbazole
301,c1c(NC(=O)OC(C)C(=O)NCC)cccc1,Carbetamide
302,CNC(=O)Oc1cccc2CC(C)(C)Oc12,Carbofuran
303,CCOP(=S)(OCC)SCSc1ccc(Cl)cc1,Carbophenthion
304,CC1=C(SCCO1)C(=O)Nc2ccccc2,Carboxin
305,CCC(Br)(CC)C(=O)NC(N)=O,Carbromal
306,c1(O)c(C)ccc(C(C)C)c1,Carvacrol
307,CC(=C)C1CC=C(C)C(=O)C1,Carvone
308,OCC(O)C2OC1OC(OC1C2O)C(Cl)(Cl)Cl ,chloralose
309,OCC(NC(=O)C(Cl)Cl)C(O)c1ccc(cc1)N(=O)=O,Chloramphenicol
310,CCN(CC)c1nc(Cl)nc(n1)N(CC)CC,Chlorazine
311,CON(C)C(=O)Nc1ccc(Br)c(Cl)c1,Chlorbromuron
312,CC(OC(=O)Nc1cccc(Cl)c1)C#C,Chlorbufam
313,ClC1CC2C(C1Cl)C3(Cl)C(=C(Cl)C2(Cl)C3(Cl)Cl)Cl,Chlordane
314,ClC2=C(Cl)C3(Cl)C1C=CCC1C2(Cl)C3(Cl)Cl ,Chlordene
315,CN(C)C=Nc1ccc(Cl)cc1C,chlordimeform
316,NC(=O)CCl ,chloroacetamide
317,ClCC#N,Chloroacetonitrile
318,Clc1ccccc1,Chlorobenzene
319,ClC(Br)Br,Chlorodibromethane
320,ClCC,Chloroethane
321,ClC=C,Chloroethylene
322,CC(C)OC(=O)Nc1cccc(Cl)c1,Chloropham
323,ClC(Cl)(Cl)N(=O)=O,Chloropicrin
324,c1ccc(Cl)cc1C(c2ccc(Cl)cc2)(O)C(=O)OC(C)C,chloropropylate
325,c1(C#N)c(Cl)c(C#N)c(Cl)c(Cl)c(Cl)1,Chlorothalonil
326,NS(=O)(=O)c2cc1c(N=CNS1(=O)=O)cc2Cl ,chlorothiazide
327,CN(C)C(=O)Nc1ccc(C)c(Cl)c1,Chlorotoluron
328,CN(C)C(=O)Nc2ccc(Oc1ccc(Cl)cc1)cc2,Chloroxuron
329,CCOP(=S)(OCC)Oc1nc(Cl)c(Cl)cc1Cl ,chlorpyrifos
330,c2(Cl)c(Cl)c(Cl)c1nccnc1c2(Cl) ,chlorquinox
331,NS(=O)(=O)c1cc(ccc1Cl)C2(O)NC(=O)c3ccccc23,Chlorthalidone
332,CN(C)C(=O)Nc1ccc(C)c(Cl)c1,Chlortoluron
333,Clc2ccc1oc(=O)[nH]c1c2,Chlorzoxazone
334,C1Cc2c3c1cccc3cc4c2ccc5ccccc54,Cholanthrene
335,c1ccc2c(c1)ccc3c4ccccc4ccc23,Chrysene
336,CC/C=C\C,cis-2-Pentene
337,CC(C)=CCCC(C)=CC(=O),citral
338,CC1(C)CON(Cc2ccccc2Cl)C1=O,Clomazone
339,Clc1ccccc1C2=NCC(=O)Nc3ccc(cc23)N(=O)=O,Clonazepam
340,c1cc2ccc3ccc4ccc5ccc6ccc1c7c2c3c4c5c67,Coronene
341,CC12CC(O)C3C(CCC4=CC(=O)CCC34C)C2CCC1C(=O)CO,Corticosterone
342,CC12CC(=O)C3C(CCC4=CC(=O)CCC34C)C2CCC1(O)C(=O)CO,Cortisone
343,CC(=O)CC(c1ccc(Cl)cc1)c2c(O)c3ccccc3oc2=O,Coumachlor
344,CCOP(=S)(OCC)Oc2ccc1oc(=O)c(Cl)c(C)c1c2,Coumaphos
345,O=c2c(C3CCCc4ccccc43)c(O)c1ccccc1o2 ,Coumatetralyl
346,CCNc1nc(Cl)nc(NC(C)(C)C#N)n1,Cyanazine
347,CCSC(=O)N(CC)C1CCCCC1 ,cycloate
348,CCC1(C(=O)NC(=O)NC1=O)C2=CCCCC2 ,cyclobarbital
349,O=C2NC(=O)C1(CCC1)C(=O)N2,Cyclobutyl-5-spirobarbituric acid
350,C1CCCCCC1,Cycloheptane
351,OC1CCCCCC1,Cycloheptanol
352,C1CCC=CCC1,Cycloheptene
353,O=C2NC(=O)C1(CCCCCC1)C(=O)N2 ,Cycloheptyl-5-spirobarbituric acid
354,C1CCCCC1,Cyclohexane
355,OC1CCCCC1,Cyclohexanol 
356,O=C1CCCCC1,Cyclohexanone
357,C1CCC=CC1,Cyclohexene
358,CC1CC(C)C(=O)C(C1)C(O)CC2CC(=O)NC(=O)C2 ,cycloheximide
359,O=C2NC(=O)C1(CCCCC1)C(=O)N2,Cyclohexyl-5-spirobarbituric acid
360,C1CCCCCCC1,Cyclooctane
361,OC1CCCCCCC1,Cyclooctanol
362,O=C2NC(=O)C1(CCCCCCC1)C(=O)N2,Cyclooctyl-5-spirobarbituric acid
363,C1CCCC1,Cyclopentane 
364,C1CC=CC1,Cyclopentene 
365,O=C2NC(=O)C1(CCCC1)C(=O)N2,Cyclopentyl-5-spirobarbituric acid
366,O=C2NC(=O)C1(CC1)C(=O)N2 ,Cyclopropyl-5-spirobarbituric acid
367,CN(C)C(=O)NC1CCCCCCC1,Cycluron
368,CC1(C)C(C=C(Cl)Cl)C1C(=O)OC(C#N)c2ccc(F)c(Oc3ccccc3)c2,Cyfluthrin
369,CC1(C)C(C=C(Cl)C(F)(F)F)C1C(=O)OC(C#N)c2cccc(Oc3ccccc3)c2,Cyhalothrin
370,CC1(C)C(C=C(Cl)Cl)C1C(=O)OC(C#N)c2cccc(Oc3ccccc3)c2,Cypermethrin
371,Nc1cc[nH]c(=O)n1 ,cytosine
372,CC23Cc1cnoc1C=C2CCC4C3CCC5(C)C4CCC5(O)C#C,Danazol
373,Nc1ccc(cc1)S(=O)(=O)c2ccc(N)cc2,Dapsone
374,ClC(Cl)C(c1ccc(Cl)cc1)c2ccc(Cl)cc2,DDD
375,ClC(Cl)=C(c1ccc(Cl)cc1)c2ccc(Cl)cc2,DDE
376,Clc1ccc(cc1)C(c2ccc(Cl)cc2)C(Cl)(Cl)Cl,DDT
377,C1CCC2CCCCC2C1,Decalin
378,CCCCSP(=O)(SCCCC)SCCCC,DEF
379,CC1(C)C(C=C(Br)Br)C1C(=O)OC(C#N)c2cccc(Oc3ccccc3)c2,Deltamethrin
380,CC12CCC3C(CCC4=CC(=O)CCC34C)C2CCC1C(=O)CO,Deoxycorticosterone
381,CC(=O)OCC(=O)C3CCC4C2CCC1=CC(=O)CCC1(C)C2CCC34C ,deoxycorticosterone acetate
382,CCOC(=O)Nc2cccc(OC(=O)Nc1ccccc1)c2 ,Desmedipham
383,CC1CC2C3CCC4=CC(=O)C=CC4(C)C3(F)C(O)CC2(C)C1(O)C(=O)CO,Dexamethasone
384,CC2(C)C1CCC(C)(C1)C2=O,D-fenchone
385,CCCCC(CC)COC(=O)c1ccccc1C(=O)OCC(CC)CCCC,Di(2-ethylhexyl)-phthalate
386,CCOP(=S)(OCC)SC(CCl)N1C(=O)c2ccccc2C1=O,Dialifor
387,CCOP(=S)(OCC)SC(CCl)N2C(=O)c1ccccc1C2=O,Dialifos
388,CC(C)N(C(C)C)C(=O)SCC(=CCl)Cl,Diallate
389,CN2C(=O)CN=C(c1ccccc1)c3cc(Cl)ccc23,Diazepam
390,CCOP(=S)(OCC)Oc1cc(C)nc(n1)C(C)C,Diazinon
391,o1c2ccccc2c3ccccc13,Dibenzofurane
392,c1ccc2c(c1)sc3ccccc23,Dibenzothiophene
393,BrCBr,Dibromomethane
394,CCCCOCCCC,Dibutyl ether 
395,CCCCOC(=O)CCCCCCCCC(=O)OCCCC,dibutyl sebacate
396,CCCCOC(=O)c1ccccc1C(=O)OCCCC ,dibutylphthalate
397,COP(=S)(OC)Oc1ccc(cc1Cl)N(=O)=O,Dicapthon
398,ClCCl,Dichloromethane
399,Oc1ccc(Cl)cc1Cc2cc(Cl)ccc2O,Dichlorophen
400,OC(c1ccc(Cl)cc1)(c2ccc(Cl)cc2)C(Cl)(Cl)Cl,Dicofol
401,ClC4=C(Cl)C5(Cl)C3C1CC(C2OC12)C3C4(Cl)C5(Cl)Cl,Dieldrin
402,CC=C(C(=CC)c1ccc(O)cc1)c2ccc(O)cc2,Dienestrol
403,ClC1=C(Cl)C(Cl)(C(=C1Cl)Cl)C2(Cl)C(=C(Cl)C(=C2Cl)Cl)Cl,Dienochlor
404,CCOCC,Diethyl ether 
405,CCOC(=O)c1ccccc1C(=O)OCC,Diethyl phthalate 
406,CCSCC,Diethyl sulfide
407,CCSSCC,Diethyldisulfide
408,CCC(=C(CC)c1ccc(O)cc1)c2ccc(O)cc2 ,diethylstilbestrol
409,COc2ccc(Oc1ccc(NC(=O)N(C)C)cc1)cc2,Difenoxuron
410,Fc1cccc(F)c1C(=O)NC(=O)Nc2ccc(Cl)cc2,difluron
411,CCCCCCOC(=O)c1ccccc1C(=O)OCCCCCC,Dihexyl phthalate
412,ICI,Diiodomethane
413,CC(C)OC(C)C,Diisopropyl ether 
414,CC(C)SC(C)C,Diisopropylsulfide
415,CCN(CC)C(=O)C(=CCOP(=O)(OC)OC)Cl,Dimecron
416,CN(C)C(=O)Nc1ccc(c(Cl)c1)n2nc(oc2=O)C(C)(C)C,Dimefuron
417,CN(C)C(=O)OC1=CC(=O)CC(C)(C)C1 ,dimetan
418,CCCCc1c(C)nc(nc1O)N(C)C ,dimethirimol
419,COCOC,Dimethoxymethane
420,COC(=O)c1ccccc1C(=O)OC,Dimethyl phthalate
421,CSC,Dimethyl sulfide
422,CSSC,Dimethyldisulfide
423,CCN(CC)c1c(cc(c(N)c1N(=O)=O)C(F)(F)F)N(=O)=O,Dinitramine
424,CCC(C)c1cc(cc(N(=O)=O)c1O)N(=O)=O ,Dinoseb
425,OC1C(O)C(O)C(O)C(O)C1O,d-inositol
426,CCCSCCC,Di-n-propylsulfide
427,CCCCCCCCOC(=O)c1ccccc1C(=O)OCCCCCCCC ,dioctyl phthalate
428,CNC(=O)Oc1ccccc1C2OCCO2,Dioxacarb
429,CN(C)C(=O)C(c1ccccc1)c2ccccc2 ,diphenamid
430,O(c1ccccc1)c2ccccc2,Diphenyl ether 
431,N(c1ccccc1)c2ccccc2,Diphenylamine
432,C(c1ccccc1)c2ccccc2,Diphenylmethane
433,CCCOCCC,Dipropyl ether
434,CCN(CC)C(=S)SSC(=S)N(CC)CC,Disulfiram
435,CCOP(=S)(OCC)SCCSCC,Disulfoton
436,CCOP(=S)(OCC)N2C(=O)c1ccccc1C2=O,Ditalimfos
437,CN(C)C(=O)Nc1ccc(Cl)c(Cl)c1,Diuron
438,CC1=CCC(CC1)C(C)=C,d-Limonene
439,Cc1cc(cc(N(=O)=O)c1O)N(=O)=O,DNOC
440,CCOc1ccc(NC(N)=O)cc1,Dulcin
441,Cn2c(=O)n(C)c1ncn(CC(O)CO)c1c2=O,Dyphylline
442,CCCCCCCCCCCCCCCCCCCC,Eicosane
443,ClC4=C(Cl)C5(Cl)C3C1CC(C2OC12)C3C4(Cl)C5(Cl)Cl,Endrin
444,CC34CCC1C(CCC2CC(O)CCC12C)C3CCC4=O,Epiandrosterone
445,CC45CCC2C(CCC3CC1SC1CC23C)C4CCC5O,Epitostanol
446,CC34CCc1c(ccc2cc(O)ccc12)C3CCC4=O,Equilenin
447,CC34CCC1C(=CCc2cc(O)ccc12)C3CCC4=O,Equilin
448,Oc2cc(O)c1C(=O)CC(Oc1c2)c3ccc(O)c(O)c3,Eriodictyol
449,OCC(O)C(O)CO,Erythritol
450,CC12CCC3C(CCc4cc(O)ccc34)C2CCC1O,Estradiol
451,c1(OC)ccc(CC=C)cc1,Estragole
452,CC34CCC1C(CCc2cc(O)ccc12)C3CC(O)C4O ,estriol
453,CC12CCC3C(CCc4cc(O)ccc34)C2CCC1=O,Estrone
454,CC,Ethane
455,CCS,Ethanethiol
456,CCO,Ethanol
457,CC34CCC1C(CCc2cc(O)ccc12)C3CCC4(O)C#C ,Ethinyl estradiol
458,CCSCc1ccccc1OC(=O)NC ,ethiofencarb
459,CCOP(=S)(OCC)SCSP(=S)(OCC)OCC,Ethion
460,CCCCc1c(C)nc(NCC)[nH]c1=O,Ethirimol
461,CC12CCC(=O)C=C1CCC3C2CCC4(C)C3CCC4(O)C#C ,Ethisterone
462,CCOC2Oc1ccc(OS(C)(=O)=O)cc1C2(C)C,Ethofumesate
463,CCOC2Oc1ccc(OS(C)(=O)=O)cc1C2(C)C,ethofumesate
464,CCOc2ccc1nc(sc1c2)S(N)(=O)=O ,Ethoxyzolamide
465,CCOC(=O)C,Ethyl acetate
466,CCOC(=O)c1ccccc1,Ethyl benzoate 
467,CCCCCOC(=O)CC,Ethyl butyrate
468,CCOC(=O)C=Cc1ccccc1,ethyl cinnamate
469,CCCCCCCCCC(=O)OCC,Ethyl decanoate
470,CCOC=O,Ethyl formate
471,CCCCCCC(=O)OCC,Ethyl heptanoate
472,CCCCCC(=O)OCC,Ethyl hexanoate
473,CCCCCCCCC(=O)OCC,Ethyl nonanoate
474,CCCCCCCC(=O)OCC,Ethyl octanoate
475,CCCOC(=O)CCC,Ethyl pentanoate
476,CCOC(=O)CC,Ethyl propionate
477,CCCOCC,Ethyl propyl ether
478,CCOC=C,Ethyl vinyl ether
479,CCc1ccccc1,Ethylbenzene
480,CCC1CCCCC1,Ethylcyclohexane
481,C=C,Ethylene
482,CCOC(=O)c1ccc(N)cc1,Ethyl-p-aminobenzoate
483,CCOC(=O)c1ccc(O)cc1,Ethyl-p-hydroxybenzoate 
484,C#C,Ethyne
485,CCOc1ccc(cc1)C(C)(C)COCc3cccc(Oc2ccccc2)c3,Etofenprox
486,CCOC(=O)c1cncn1C(C)c2ccccc2,Etomidate
487,CC12CCC(CC1)C(C)(C)O2 ,eucalyptol
488,COc1cc(CC=C)ccc1O,Eugenol
489,OC(c1ccc(Cl)cc1)(c2cncnc2)c3ccccc3Cl,Fenarimol
490,Cc1occc1C(=O)Nc2ccccc2,Fenfuram
491,COP(=S)(OC)Oc1ccc(N(=O)=O)c(C)c1,Fenitrothion
492,CN(C)C(=O)SCCCCOc1ccccc1,Fenothiocarb
493,CCOC(=O)NCCOc2ccc(Oc1ccccc1)cc2,Fenoxycarb
494,CC1(C)C(C(=O)OC(C#N)c2cccc(Oc3ccccc3)c2)C1(C)C,Fenpropathrin
495,CCOP(=S)(OCC)Oc1ccc(cc1)S(C)=O ,fensulfothion
496,COP(=S)(OC)Oc1ccc(SC)c(C)c1,Fenthion
497,CN(C)C(=O)Nc1ccccc1,Fenuron
498,OC(Cn1cncn1)(Cn2cncn2)c3ccc(F)cc3F ,fluconazole
499,Nc1nc(=O)[nH]cc1F,Flucytosine
500,CCN(Cc1c(F)cccc1Cl)c2c(cc(cc2N(=O)=O)C(F)(F)F)N(=O)=O,Flumetralin
501,CN(C)C(=O)Nc1cccc(c1)C(F)(F)F,Fluometuron
502,c1ccc2c(c1)c3cccc4cccc2c34,Fluoranthene
503,C1c2ccccc2c3ccccc13,Fluorene 
504,Fc1ccccc1,Fluorobenzene
505,CC1CC2C3CCC(O)(C(=O)C)C3(C)CC(O)C2(F)C4(C)C=CC(=O)C=C14,Fluoromethalone
506,CN(C)C(=O)Nc1cccc(c1)C(F)(F)F,Fluorometuron
507,Cn2cc(c1ccccc1)c(=O)c(c2)c3cccc(c3)C(F)(F)F,Fluridone
508,FC(F)(F)c1cccc(c1)N2CC(CCl)C(Cl)C2=O,Flurochloridone
509,OC(Cn1cncn1)(c2ccc(F)cc2)c3ccccc3F,Flutriafol
510,CNC(=O)Oc1cccc(N=CN(C)C)c1,Formetanate
511,COP(=S)(OC)SCC(=O)N(C)C=O,Formothion
512,OCC1OC(O)(CO)C(O)C1O,Fructose
513,c1ccoc1,Furane
514,O=Cc1ccco1,Furfural
515,c1c(O)C2C(=O)C3cc(O)ccC3OC2cc1(OC),gentisin
516,OCC(O)COC(=O)c1ccccc1Nc2ccnc3cc(Cl)ccc23,Glafenine
517,OCC1OC(O)C(O)C(O)C1O,glucose
518,CCC1(CCC(=O)NC1=O)c2ccccc2 ,Glutethimide
519,OCC(O)CO,Glycerol
520,CC(=O)OCC(COC(=O)C)OC(=O)C,Glyceryl triacetate
521,COC1=CC(=O)CC(C)C13Oc2c(Cl)c(OC)cc(OC)c2C3=O,Griseofulvin
522,COc1ccccc1O ,Guaiacol
523,Nc2nc1[nH]cnc1c(=O)[nH]2 ,guanine
524,FC(F)(F)C(Cl)Br ,halothane
525,c1cc(O)c(O)c2OCC3(O)CC4=CC(=O)C(O)=CC4=C3c21,hematein
526,ClC1C=CC2C1C3(Cl)C(=C(Cl)C2(Cl)C3(Cl)Cl)Cl,Heptachlor
527,CCCCCCC,Heptane
528,ClC(Cl)(Cl)C(Cl)(Cl)Cl,Hexachloroethane
529,CCCCCCCCCCCCCCCCCCCCCCCCCC,hexacosane
530,CCCCCCCCCCCCCCCC,Hexadecane
531,Cc1c(C)c(C)c(C)c(C)c1C,Hexamethylbenzene
532,CCCCCC,Hexane 
533,CCC(C(CC)c1ccc(O)cc1)c2ccc(O)cc2,Hexestrol
534,CCCCCCc1ccccc1,Hexylbenzene 
535,O=C1CNC(=O)N1 ,hydantoin
536,N(Nc1ccccc1)c2ccccc2 ,hydrazobenzene
537,c1ccccc1C(O)C(O)c2ccccc2,hydrobenzoin
538,O=c1[nH]cnc2nc[nH]c12 ,Hypoxanthine
539,C1Cc2ccccc2C1,Indan
540,c2ccc1[nH]ncc1c2 ,indazole
541,c2ccc1[nH]ccc1c2,Indole
542,c2ccc1NCCc1c2 ,indoline
543,OCC1OC(C(O)C1O)n2cnc3c(O)ncnc23,Inosine
544,Ic1ccccc1,Iodobenzene
545,CCI,Iodoethane
546,COP(=S)(OC)Oc1cc(Cl)c(I)cc1Cl,Iodofenphos
547,CI,Iodomethane
548,Oc1c(I)cc(C#N)cc1I,Ioxynil
549,CCN(CC)c1nc(Cl)nc(NC(C)C)n1,Ipazine
550,CCOP(=S)(OCC)Oc1nc(Cl)n(n1)C(C)C,Isazofos
551,CC(C)COC(=O)C,Isobutyl acetate
552,CC(C)COC=O,Isobutyl formate
553,CC(C)Cc1ccccc1,Isobutylbenzene
554,C1N(C(=O)NCC(C)C)C(=O)NC1,isocarbamid
555,Cc1cc(no1)C(=O)NNCc2ccccc2,Isocarboxazid
556,CCOP(=S)(NC(C)C)Oc1ccccc1C(=O)OC(C)C,Isofenphos
557,Nc1nc(O)nc2nc[nH]c12 ,isoguanine
558,c1nccc(C(=O)NN)c1,Isonazid
559,CC(C)CCOC(=O)C,Isopentyl acetate
560,CC(C)CCOC=O,Isopentyl formate
561,CC1=CC(=O)CC(C)(C)C1 ,isophorone
562,CNC(=O)Oc1ccccc1C(C)C,Isoprocarb
563,CCCN(CCC)c1c(cc(cc1N(=O)=O)C(C)C)N(=O)=O,Isopropalin
564,CC(C)OC(=O)C,Isopropyl acetate
565,CC(C)OC=O,Isopropyl formate
566,CC(C)c1ccccc1,Isopropylbenzene 
567,CC(C)c1ccc(NC(=O)N(C)C)cc1,Isoproturon
568,c1ccc2cnccc2c1,Isoquinoline
569,CN(C)C(=O)Nc1cccc(OC(=O)NC(C)(C)C)c1 ,karbutilate
570,CC(=O)CCC1C(=O)N(N(C1=O)c2ccccc2)c3ccccc3,kebuzone
571,COc2c1occc1c(OC)c3c(=O)cc(C)oc23 ,Khellin
572,OCC1OC(OC2C(O)C(O)C(O)OC2CO)C(O)C(O)C1O,Lactose
573,C1OC(O)C(O)C(O)C1O,L-arabinose
574,O=c2[nH]c1CCCc1c(=O)n2C3CCCCC3,Lenacil
575,CC(C)=CCCC(O)(C)C=C,linalool
576,ClC1C(Cl)C(Cl)C(Cl)C(Cl)C1Cl,Lindane
577,CON(C)C(=O)Nc1ccc(Cl)c(Cl)c1,Linuron
578,OC3N=C(c1ccccc1Cl)c2cc(Cl)ccc2NC3=O,Lorazepam
579,CCOC(=O)CC(SP(=S)(OC)OC)C(=O)OCC,Malathion
580,CCOC(=O)CC(=O)OCC,Malonic acid diethylester
581,OCC1OC(OC2C(O)C(O)C(O)OC2CO)C(O)C(O)C1O,Maltose
582,OCC(O)C(O)C(O)C(O)CO ,mannitol
583,Nc1cccc(Cl)c1,m-Chloroaniline
584,Clc1cccc(Br)c1,m-Chlorobromobenzene
585,Clc1cccc(I)c1,m-Chloroiodobenzene
586,Clc1cccc(c1)N(=O)=O,m-Chloronitrobenzene 
587,COC(=O)Nc2nc1ccc(cc1[nH]2)C(=O)c3ccccc3,Mebendazole
588,CCOC(=O)N(C)C(=O)CSP(=S)(OCC)OCC,Mecarbam
589,c1c(OC)c(OC)C2C(=O)OCC2c1,meconin
590,CN(C(=O)COc1nc2ccccc2s1)c3ccccc3,Mefenacet
591,CC(=O)Nc1cc(NS(=O)(=O)C(F)(F)F)c(C)cc1C,Mefluidide
592,CC2=CC(=O)c1ccccc1C2=O ,Menadione
593,CC(C)C1CCC(C)CC1O ,menthol
594,CC(C)C1CCC(C)CC1=O,Menthone
595,CCCC(C)(COC(N)=O)COC(N)=O ,Meprobamate
596,Sc2nc1ccccc1s2 ,mercaptobenzothiazole
597,COCC(=O)N(C(C)C(=O)OC)c1c(C)cccc1C ,metalaxyl
598,C,Methane
599,CO,Methanol
600,Cc1ccccc1n3c(C)nc2ccccc2c3=O,Methaqualone
601,CCC1(CC)C(=O)NC(=O)N(C)C1=O ,metharbital
602,Cn2c(=O)on(c1ccc(Cl)c(Cl)c1)c2=O,Methazole
603,COc1ccccc1OCC(O)COC(N)=O,Methocarbamol
604,COC(C)(C)CCCC(C)CC=CC(C)=CC(=O)OC(C)C,Methoprene
605,COCCCNc1nc(NC(C)C)nc(SC)n1,Methoproptryne
606,COc2c1occc1cc3ccc(=O)oc23 ,Methoxsalen
607,COc1ccc(cc1)C(c2ccc(OC)cc2)C(Cl)(Cl)Cl,Methoxychlor
608,COC(=O)C,Methyl acetate
609,COC(=O)C=C,Methyl acrylate
610,COC(=O)c1ccccc1,Methyl benzoate 
611,CCCCOC,Methyl butyl ether 
612,CCCOC(=O)CC,Methyl butyrate
613,CCCCCCCCCC(=O)OC,Methyl decanoate
614,COC=O,Methyl formate
615,COC(=O)c1cc(O)c(O)c(O)c1 ,methyl gallate
616,CCCCCC(=O)OC,Methyl hexanoate
617,CNN,Methyl hydrazine
618,CCCCCCCCCCCC(=O)OC,methyl laurate
619,COC(=O)c1cccnc1 ,methyl nicotinate
620,CCCCCCCCC(=O)OC,Methyl nonanoate
621,CCCCCCCC(=O)OC,Methyl octanoate
622,CCCC(=O)OCC,Methyl pentanoate
623,CCC(=O)OC,Methyl propionate
624,CCCOC,Methyl propyl ether 
625,COC(C)(C)C,Methyl t-butyl ether 
626,CC1CCCCC1,Methylcyclohexane 
627,CC1CCCC1,Methylcyclopentane
628,CN(C(=O)NC(C)(C)c1ccccc1)c2ccccc2,Methyldymron
629,COC(=O)c1ccc(O)cc1,Methylparaben
630,CC(=O)OC3(C)CCC4C2CCC1=CC(=O)CCC1(C)C2CCC34C ,methyltestosterone acetate
631,Cc1cc(=O)[nH]c(=S)[nH]1,methylthiouracil
632,CCc1cccc(C)c1N(C(C)COC)C(=O)CCl ,Metolachlor
633,CC2Nc1cc(Cl)c(cc1C(=O)N2c3ccccc3C)S(N)(=O)=O ,Metolazone
634,c1ccccc1(OC(=O)NC),Metolcarb
635,COc1ccc(NC(=O)N(C)C)cc1Cl,Metoxuron
636,Cc1ncc(N(=O)=O)n1CCO ,Metranidazole
637,CSc1nnc(c(=O)n1N)C(C)(C)C,Metribuzin
638,Cc1ncc(N(=O)=O)n1CCO,Metronidazole
639,Fc1cccc(Br)c1,m-Fluorobromobenzene
640,Nc1cc(nc(N)n1=O)N2CCCCC2 ,Minoxidil
641,ClC1(C2(Cl)C3(Cl)C4(Cl)C5(Cl)C1(Cl)C3(Cl)Cl)C5(Cl)C(Cl)(Cl)C24Cl,Mirex
642,Cc1cccc(N)c1,m-Methylaniline
643,Nc1cccc(c1)N(=O)=O,m-Nitroaniline
644,Oc1cccc(c1)N(=O)=O,m-Nitrophenol
645,Cc1cccc(c1)N(=O)=O,m-Nitrotoluene
646,CON(C)C(=O)Nc1ccc(Cl)cc1,Monolinuron
647,CN(C)C(=O)Nc1ccc(Cl)cc1,Monuron
648,Oc1ccc(c(O)c1)c3oc2cc(O)cc(O)c2c(=O)c3O ,Morin
649,Cc1cccc(C)c1,m-Xylene 
650,,
651,,
652,,
653,COP(=O)(OC)OC(Br)C(Cl)(Cl)Br,Naled
654,CCN(CC)C(=O)C(C)Oc1cccc2ccccc12 ,Napropamide
655,c1ccc2cc3cc4ccccc4cc3cc2c1,Napthacene
656,c1ccc2ccccc2c1,Napthalene
657,CCCCN(C)C(=O)Nc1ccc(Cl)c(Cl)c1,Neburon
658,CC(C)=CCC/C(C)=C\CO,Nerol
659,CCNc1ccccc1,N-Ethylaniline
660,Cc3ccnc4N(C1CC1)c2ncccc2C(=O)Nc34 ,nevirapine
661,Oc1ccc(Cl)cc1C(=O)Nc2ccc(cc2Cl)N(=O)=O,Niclosamide
662,NC(=O)c1cccnc1 ,nicotinamide
663,COC(=O)C1=C(C)NC(=C(C1c2ccccc2N(=O)=O)C(=O)OC)C ,nifedipine
664,ON=Cc1ccc(o1)N(=O)=O ,nifuroxime
665,CN2C(=O)CN=C(c1ccccc1)c3cc(ccc23)N(=O)=O,Nimetazepam
666,O=C1NCCN1c2ncc(s2)N(=O)=O,Niridazole
667,CCN(CC)c1c(cc(c(N)c1N(=O)=O)C(F)(F)F)N(=O)=O,Nitramine
668,Clc1cccc(n1)C(Cl)(Cl)Cl,Nitrapyrin
669,O=C3CN=C(c1ccccc1)c2cc(ccc2N3)N(=O)=O,Nitrazepam
670,O=N(=O)c1ccccc1,Nitrobenzene
671,CCN(=O)=O,Nitroethane
672,Clc2ccc(Oc1ccc(cc1)N(=O)=O)c(Cl)c2,Nitrofen
673,O=C2CN(N=Cc1ccc(o1)N(=O)=O)C(=O)N2 ,nitrofurantoin
674,O=N(=O)OCC(CON(=O)=O)ON(=O)=O ,nitroglycerin
675,CN(=O)=O,Nitromethane
676,CNc1ccccc1,N-Methylaniline 
677,CCCCCCCCC,Nonane
678,CN(C)C(=O)NC1CC2CC1C3CCCC23,Norea
679,CC34CCC1C(CCC2=CC(=O)CCC12O)C3CCC4(O)C#C,Norethisterone
680,CNc2cnn(c1cccc(c1)C(F)(F)F)c(=O)c2Cl,norflurazon
681,Nc1ccccc1O,o-Aminophenol
682,Nc1ccccc1Cl,o-Chloroaniline
683,Clc1ccccc1Br,o-Chlorobromobenzene
684,Clc1ccccc1I,o-Chloroiodobenzene
685,Clc1ccccc1N(=O)=O,o-Chloronitrobenzene
686,CCCCCCCC,Octane
687,CCOC(=O)N,O-Ethyl carbamate
688,Fc1ccccc1Br,o-Fluorobromobenzene
689,NC(=O)c1ccccc1O,o-Hydroxybenzamide
690,COc1ccccc1O,o-Methoxyphenol
691,Nc1ccccc1N(=O)=O,o-Nitroaniline
692,COc1ccccc1N(=O)=O,o-Nitroanisole
693,Oc1ccccc1N(=O)=O,o-Nitrophenol
694,Cc1ccccc1N(=O)=O,o-Nitrotoluene
695,CCCN(CCC)c1c(cc(cc1N(=O)=O)S(N)(=O)=O)N(=O)=O,oryzalin
696,c1cc2ccc(OC)c(CC=C(C)(C))c2oc1=O ,osthole
697,Cc1ccccc1N,o-Toluidine
698,CC(C)Oc1cc(c(Cl)cc1Cl)n2nc(oc2=O)C(C)(C)C,Oxadiazon
699,CNC(=O)ON=C(SC)C(=O)N(C)C,Oxamyl
700,OC3N=C(c1ccccc1)c2cc(Cl)ccc2NC3=O ,Oxazepam
701,CC1=C(C(=O)Nc2ccccc2)S(=O)(=O)CCO1,Oxycarboxin
702,Cc1ccccc1C,o-Xylene
703,Nc1ccc(O)cc1,p-Aminophenol
704,O=C1NC(=O)C(=O)N1 ,parabanic acid
705,CCOP(=S)(OCC)Oc1ccc(cc1)N(=O)=O,Parathion
706,Nc1ccc(cc1)c2ccc(N)cc2,p-benzidine
707,CC(=O)Nc1ccc(Br)cc1,p-Bromoacetanilide
708,Brc1ccc(I)cc1,p-Bromoiodobenzene
709,CC(=O)Nc1ccc(Cl)cc1,p-Chloroacetanilide
710,Nc1ccc(Cl)cc1,p-Chloroaniline
711,Clc1ccc(Br)cc1,p-Chlorobromobenzene
712,Clc1ccc(I)cc1,p-Chloroiodobenzene
713,Clc1ccc(cc1)N(=O)=O,p-Chloronitrobenzene
714,Cc1ccc(O)cc1,p-Cresol
715,CCCCN(CC)C(=O)SCCC,Pebulate
716,Clc1ccc(CN(C2CCCC2)C(=O)Nc3ccccc3)cc1,Pencycuron
717,Clc1cc(Cl)c(Cl)c(Cl)c1Cl,Pentachlorobenzene
718,ClC(Cl)C(Cl)(Cl)Cl,Pentachloroethane
719,Oc1c(Cl)c(Cl)c(Cl)c(Cl)c1Cl,Pentachlorophenol
720,Cc1cc(C)c(C)c(C)c1C,Pentamethylbenzene
721,CCCCC,Pentane
722,O=C1NC(=O)NC(=O)C1(CC)C(C)CCC,Pentobarbital
723,CCCCCOC(=O)C,Pentyl acetate
724,CCCCC(=O)OCC,Pentyl propanoate
725,CCCCCc1ccccc1,Pentylbenzene
726,CCCCCC1CCCC1,Pentylcyclopentane
727,c1cc2cccc3c4cccc5cccc(c(c1)c23)c54,Perylene
728,CC(=O)Nc1ccc(F)cc1,p-Fluoroacetanilide
729,CCOc1ccc(NC(=O)C)cc1,Phenacetin
730,c1ccc2c(c1)ccc3ccccc32,Phenanthrene
731,c1ccc2c(c1)cnc3ccccc23 ,phenanthridine
732,CCOc1ccccc1,Phenetole
733,COC(=O)Nc1cccc(OC(=O)Nc2cccc(C)c2)c1,Phenmedipham
734,CCC1(C(=O)NC(=O)NC1=O)c2ccccc2 ,phenobarbital
735,c1ccccc1O,Phenol
736,Oc1ccc(cc1)C2(OC(=O)c3ccccc23)c4ccc(O)cc4 ,phenolphthalein
737,CC(C)=CC3C(C(=O)OCc2cccc(Oc1ccccc1)c2)C3(C)C ,phenothrin
738,CCCCC1C(=O)N(N(C1=O)c2ccccc2)c3ccccc3 ,phenylbutazone
739,NNc1ccccc1,Phenylhydrazine
740,OCc1ccccc1,Phenylmethanol
741,NC(=S)Nc1ccccc1,Phenylthiourea
742,O=C1NC(=O)C(N1)(c2ccccc2)c3ccccc3,Phenytoin
743,CCOP(=S)(OCC)SCSCC,Phorate
744,CCOP(=S)(OCC)SCn1c(=O)oc2cc(Cl)ccc12,Phosalone
745,CCOP(=S)(OCC)ON=C(C#N)c1ccccc1,Phoxim
746,c1cC2C(=O)NC(=O)C2cc1,phthalamide
747,O=C1NC(=O)c2ccccc12 ,phthalimide
748,N#Cc1ccccc1C#N,Phthalonitrile
749,CC(=O)Nc1ccc(O)cc1,p-Hydroxyacetanilide
750,Oc1ccc(C=O)cc1,p-Hydroxybenzaldehyde 
751,c1ccc2c(c1)ccc3c2ccc4c5ccccc5ccc43,Picene
752,O=C(C=CC=Cc2ccc1OCOc1c2)N3CCCCC3,Piperine
753,O=Cc2ccc1OCOc1c2 ,piperonal
754,CCCOP(=S)(OCCC)SCC(=O)N1CCCCC1C,Piperophos
755,CN(C)C(=O)Oc1nc(nc(C)c1C)N(C)C,Pirimicarb
756,COc1ccc(C=O)cc1,p-Methoxybenzaldehyde
757,Cc1ccc(N)cc1,p-Methylaniline 
758,Nc1ccc(cc1)N(=O)=O,p-Nitroaniline
759,COc1ccc(cc1)N(=O)=O,p-Nitroanisole
760,Oc1ccc(cc1)N(=O)=O,p-Nitrophenol
761,Cc1ccc(cc1)N(=O)=O,p-Nitrotoluene
762,Oc1ccc(cc1)c2ccccc2,p-Phenylphenol
763,CC34CCC1C(CC=C2CC(O)CCC12C)C3CCC4=O,Prasterone
764,CC(=O)C3CCC4C2CC=C1CC(O)CCC1(C)C2CCC34C ,pregnenolone
765,CCC1(C(=O)NCNC1=O)c2ccccc2,Primidone
766,CCC1(C(C)C)C(=O)NC(=O)NC1=O ,probarbital
767,CC12CC2(C)C(=O)N(C1=O)c3cc(Cl)cc(Cl)c3,Procymidone
768,CC(=O)C1CCC2C3CCC4=CC(=O)CCC4(C)C3CCC12C,Progesterone
769,COc1nc(NC(C)C)nc(NC(C)C)n1,Prometon
770,CSc1nc(NC(C)C)nc(NC(C)C)n1,Prometryn
771,CC(C)N(C(=O)CCl)c1ccccc1 ,propachlor
772,CCC,Propane
773,CCC(=O)Nc1ccc(Cl)c(Cl)c1,Propanil
774,CC(C)Nc1nc(Cl)nc(NC(C)C)n1,Propazine
775,CCNP(=S)(OC)OC(=CC(=O)OC(C)C)C,Propetamphos
776,CCC=O,Propionaldehyde
777,CCC#N,Propionitrile
778,CNC(=O)Oc1ccccc1OC(C)C,Propoxur
779,CCCOC(=O)C,Propyl acetate
780,CCCC(=O)OC,Propyl butyrate
781,CCCOC=O,Propyl formate
782,CCCCC(=O)OC,Propyl propanoate
783,CCCc1ccccc1,Propylbenzene 
784,CCCC1CCCC1,Propylcyclopentane
785,CC=C,Propylene
786,CCCOC(C)C,Propylisopropylether
787,CC#C,Propyne
788,CC(C)(C)c1ccc(O)cc1,p-t-Butylphenol
789,c2cnc1ncncc1n2,Pteridine
790,c1ccc(cc1)c2ccc(cc2)c3ccccc3,p-terphenyl
791,Cc1ccc(cc1)S(=O)(=O)N,p-Toluenesulfonamide 
792,Cc1ccc(C)cc1,p-Xylene 
793,CC1=C(CCCO1)C(=O)Nc2ccccc2 ,pyracarbolid
794,NC(=O)c1cnccn1,Pyrazinamide
795,Nc2cnn(c1ccccc1)c(=O)c2Cl,Pyrazon
796,c1cc2ccc3cccc4ccc(c1)c2c34,Pyrene
797,c1ccnnc1,Pyridazine
798,c1ccncc1,Pyridine
799,c1cncnc1,Pyrimidine
800,CN(C)C(=O)Oc1cc(C)nn1c2ccccc2,Pyrolan
801,CCC2NC(=O)c1cc(c(Cl)cc1N2)S(N)(=O)=O,Quinethazone
802,c1ccc2ncccc2c1,Quinoline
803,ClC(Cl)CC(=O)NC2=C(Cl)C(=O)c1ccccc1C2=O,Quinonamid
804,Clc1c(Cl)c(Cl)c(N(=O)=O)c(Cl)c1Cl,Quintozene
805,CCC1(C(=O)NC(=O)NC1=O)C2=CCC3CCC2C3,Reposal
806,CCN2c1ncccc1N(C)C(=O)c3cccnc23 ,Reverse Transcriptase inhibitor 1
807,C1SC(=S)NC1(=O),rhodanine
808,Cc3cc2nc1c(=O)[nH]c(=O)nc1n(CC(O)C(O)C(O)CO)c2cc3C,Riboflavin
809,CCCOC(=O)c1ccc(N)cc1,Risocaine
810,COP(=S)(OC)Oc1cc(Cl)c(Cl)cc1Cl,Ronnel
811,COc5cc4OCC3Oc2c1CC(Oc1ccc2C(=O)C3c4cc5OC)C(C)=C ,Rotenone
812,CC(C)NC(=O)N1CC(=O)N(C1=O)c2cc(Cl)cc(Cl)c2,Rovral
813,O2c1ccccc1N(C)C(=O)c3cccnc23 ,RTI 10
814,O2c1ccc(N)cc1N(C)C(=O)c3cc(C)ccc23 ,RTI 11
815,CCN2c1nc(Cl)ccc1N(C)C(=O)c3cccnc23 ,RTI 12
816,CCN2c1nc(C)cc(C(F)(F)F)c1NC(=O)c3cccnc23 ,RTI 13
817,CCN2c1nc(C)cc(C)c1NC(=O)c3cccnc23 ,RTI 15
818,CCN2c1ncccc1N(C)C(=S)c3cccnc23 ,RTI 16
819,CCN2c1ccccc1N(C)C(=S)c3cccnc23 ,RTI 17
820,CCN2c1ccccc1N(C)C(=O)c3ccccc23 ,RTI 19
821,CCN2c1ncccc1N(CC)C(=O)c3cccnc23 ,RTI 2
822,C2c1ccccc1N(CCF)C(=O)c3ccccc23 ,RTI 20
823,CCN2c1cc(N(C)C)cc(C)c1NC(=O)c3cccnc23 ,RTI 22
824,CCN2c1cc(OC)cc(C)c1NC(=O)c3cccnc23 ,RTI 23
825,CCN2c1cc(Cl)ccc1NC(=O)c3cccnc23 ,RTI 24
826,O2c1cc(C)ccc1N(C)C(=O)c3cc(N)cnc23 ,RTI 3
827,CCN2c1ccccc1N(C)C(=O)c3cccnc23 ,RTI 5
828,CCN2c1nc(N(C)(CCO))ccc1NC(=O)c3cccnc23 ,RTI 6
829,C2c1ccccc1N(CCF)C(=O)c3ccccc23 ,RTI 7
830,O2c1ccccc1N(CC)C(=O)c3ccccc23 ,RTI 9
831,OCC2OC(Oc1ccccc1CO)C(O)C(O)C2O,Salicin
832,NC(=O)c1ccccc1O,Salicylamide
833,c1ccccc1NC(=O)c2c(O)cccc2,salicylanilide
834,CC3C2CCC1(C)C=CC(=O)C(=C1C2OC3=O)C,Santonin
835,O=C1NC(=O)NC(=O)C1(C(C)CCC)CC=C,Secobarbital
836,CC1CCCCC1NC(=O)Nc2ccccc2,Siduron
837,CCNc1nc(Cl)nc(NCC)n1 ,simazine
838,CSc1nc(nc(n1)N(C)C)N(C)C,Simetryn
839,OCC(O)C(O)C(O)C(O)CO,Sorbitol
840,CC(=O)SC4CC1=CC(=O)CCC1(C)C5CCC2(C)C(CCC23CCC(=O)O3)C45,Spironolactone
841,CCCCOc1ccc(C(=O)OCC)c(c1)N(CC)CC ,stadacaine
842,CC34CCC1C(CCC2CC(=O)CCC12C)C3CCC4O ,Stanolone
843,COP(=O)(OC)OC(=CCl)c1cc(Cl)c(Cl)cc1Cl,Stirofos
844,C=Cc1ccccc1,Styrene
845,C1OC1c2ccccc2 ,styrene oxide
846,O=C1CCC(=O)N1,Succinimide
847,OCC2OC(OC1(CO)OC(CO)C(O)C1O)C(O)C(O)C2O ,Sucrose
848,NC(=N)NS(=O)(=O)c1ccc(N)cc1 ,sulfaguanidine
849,CCN(CC)C(=S)SCC(Cl)=C,Sulfallate
850,Nc1ccc(cc1)S(N)(=O)=O,Sulfanilamide
851,CCC(C)C1(CC=C)C(=O)NC(=O)NC1=O,Talbutal
852,CC(C)(C)c1ccccc1,t-Butylbenzene 
853,C/C=C/C=O,t-Crotonaldehyde
854,Fc1cccc(F)c1C(=O)NC(=O)Nc2cc(Cl)c(F)c(Cl)c2F ,TEFLUBENZURON
855,Cc1[nH]c(=O)n(c(=O)c1Cl)C(C)(C)C,Terbacil
856,CCOP(=S)(OCC)SCSC(C)(C)C,Terbufos
857,CCNc1nc(NC(C)(C)C)nc(OC)n1,Terbumeton
858,CCNc1nc(NC(C)(C)C)nc(SC)n1,Terbutryn
859,CC12CCC3C(CCC4=CC(=O)CCC34C)C2CCC1O,Testosterone
860,BrC(Br)(Br)Br,Tetrabromomethane
861,ClC(=C(Cl)Cl)Cl,Tetrachloroethylene
862,COc1c(O)c(Cl)c(Cl)c(Cl)c1Cl ,tetrachloroguaiacol
863,ClC(Cl)(Cl)Cl,Tetrachloromethane
864,CCCCCCCCCCCCCC,Tetradecane
865,C1CCOC1,Tetrahydrofurane 
866,C1CCOCC1,Tetrahydropyran 
867,CN(C)C(=O)N(C)C ,tetramethylurea
868,O=C1N(C2CCC(=O)NC2=O)C(=O)c3ccccc13,Thalidomide
869,Cn1cnc2n(C)c(=O)[nH]c(=O)c12 ,theobromine
870,Cn1c(=O)n(C)c2nc[nH]c2c1=O,Theophylline
871,CCCC(C)C1(CC=C)C(=O)NC(=S)NC1=O ,thiamylal
872,c1ccccc1SC,thioanisole
873,CNC(=O)ON=C(CSC)C(C)(C)C ,thiofanox
874,CCSCCSP(=S)(OC)OC,Thiometon
875,CCCC(C)C1(CC)C(=O)NC(=S)NC1=O ,thiopental
876,c1ccsc1,Thiophene
877,Sc1ccccc1,Thiophenol 
878,Sc1nccc(=O)[nH]1 ,thiouracil
879,NC(=S)N,Thiourea
880,CN(C)C(=S)SSC(=S)N(C)C ,Thiram
881,Cc1c[nH]c(=O)[nH]c1=O ,thymine
882,CC(C)c1ccc(C)cc1O,Thymol
883,Cc1ccccc1,Toluene 
884,CC(C)(C)Cc1ccccc1,t-Pentylbenzene
885,CCCC/C=C/C,trans-2-Heptene 
886,CC/C=C/C,trans-2-Pentene 
887,CC(C)(C)C(=O)C(Oc1ccc(Cl)cc1)n2cncn2,Triadimefon
888,CC(C)N(C(C)C)C(=O)SCC(Cl)=C(Cl)Cl,Triallate
889,Nc3nc(N)c2nc(c1ccccc1)c(N)nc2n3,Triamterene
890,Cc3nnc4CN=C(c1ccccc1Cl)c2cc(Cl)ccc2n34,Triazolam
891,BrC(Br)Br,Tribromomethane
892,COP(=O)(OC)C(O)C(Cl)(Cl)Cl,Trichlorfon
893,ClC(Cl)(Cl)C#N,Trichloroacetonitrile
894,ClC=C(Cl)Cl,Trichloroethylene
895,ClC(Cl)Cl,Trichloromethane
896,CCOP(=S)(CC)Oc1cc(Cl)c(Cl)cc1Cl,Trichloronate
897,Oc1cc(Cl)ccc1Oc2ccc(Cl)cc2Cl,Triclosan
898,Cc1ccc(OP(=O)(Oc2cccc(C)c2)Oc3ccccc3C)cc1,Tricresyl phosphate
899,Cc2cccc3sc1nncn1c23 ,Tricyclazole
900,CCNc1nc(Cl)nc(n1)N(CC)CC,Trietazine
901,CCOP(=O)(OCC)OCC,Triethyl phosphate
902,CCCN(CCC)c1c(cc(cc1N(=O)=O)C(F)(F)F)N(=O)=O,Trifluralin
903,ClC(Cl)(Cl)C(NC=O)N1C=CN(C=C1)C(NC=O)C(Cl)(Cl)Cl ,triforine
904,COc2cc1c(N)nc(nc1c(OC)c2OC)N3CCN(CC3)C(=O)OCC(C)(C)O ,Trimazosin
905,c1ccc2c(c1)c3ccccc3c4ccccc24,Triphenylene
906,Nc1ncnc2n(ccc12)C3OC(CO)C(O)C3O ,tubercidin
907,O=c1cc[nH]c(=O)[nH]1 ,uracil
908,NC(=O)N,Urea
909,O=c2[nH]c(=O)c1[nH]c(=O)[nH]c1[nH]2 ,uric acid
910,CCCCC=O,Valeraldehyde
911,CNC(=O)C(C)SCCSP(=O)(OC)(OC),vamidothion
912,CC1(OC(=O)N(C1=O)c2cc(Cl)cc(Cl)c2)C=C,Vinclozolin
913,CC(=O)CC(c1ccccc1)c3c(O)c2ccccc2oc3=O ,Warfarin
914,Cc1cccc(C)c1NC(=O)c2cc(c(Cl)cc2O)S(N)(=O)=O,Xipamide
915,CNC(=O)Oc1cc(C)cc(C)c1,XMC
